,Country,Published,Total Citations,Average Citations,Top 3 Papers,Latitude,Longitude
0,Afghanistan,4,207.0,51.75,"Global Retinoblastoma Presentation and Analysis by National Income Level (146.0) | A multinational Delphi consensus to end the COVID-19 public health threat (53.0) | Emerging inflammatory bowel disease demographics, phenotype, and treatment in South Asia, South-East Asia, and Middle East: Preliminary findings from the Inflammatory Bowel Disease-Emerging Nations' Consortium (5.0)",33.93911,67.709953
1,Albania,6,236.0,39.333333333333336,Global Retinoblastoma Presentation and Analysis by National Income Level (146.0) | A multinational Delphi consensus to end the COVID-19 public health threat (53.0) | The global case fatality rate of coronavirus disease 2019 by continents and national income: A meta-analysis (27.0),41.153332,20.168331
2,Algeria,19,774.0,27.642857142857142,Advancing the global public health agenda for NAFLD: a consensus statement (222.0) | Global Retinoblastoma Presentation and Analysis by National Income Level (146.0) | A multinational Delphi consensus to end the COVID-19 public health threat (53.0),28.033886,1.659626
3,Angola,1,146.0,146.0,Global Retinoblastoma Presentation and Analysis by National Income Level (146.0),-11.202692,17.873887
4,Argentina,90,14402.0,96.65771812080537,Guidelines for the use and interpretation of assays for monitoring autophagy (4th edition)1 (1030.0) | Guidelines for the use and interpretation of assays for monitoring autophagy (4th edition)1 (1030.0) | Guidelines for the use and interpretation of assays for monitoring autophagy (4th edition)1 (1030.0),-38.416097,-63.616672
5,Armenia,558,19970.0,34.85165794066317,European Position Paper on Rhinosinusitis and Nasal Polyps 2020 (1356.0) | Acute-on-chronic liver failure: consensus recommendations of the Asian Pacific association for the study of the liver (APASL): an update (418.0) | Combined measurements of Higgs boson couplings in proton–proton collisions at √s=13Te (379.0),40.069099,45.038189
6,Aruba,1,222.0,222.0,Advancing the global public health agenda for NAFLD: a consensus statement (222.0),12.52111,-69.968338
7,Australia,1372,88174.0,40.6331797235023,European Position Paper on Rhinosinusitis and Nasal Polyps 2020 (1356.0) | European Position Paper on Rhinosinusitis and Nasal Polyps 2020 (1356.0) | European Position Paper on Rhinosinusitis and Nasal Polyps 2020 (1356.0),-25.274398,133.775136
8,Austria,719,68364.0,45.39442231075697,European Position Paper on Rhinosinusitis and Nasal Polyps 2020 (1356.0) | European Position Paper on Rhinosinusitis and Nasal Polyps 2020 (1356.0) | Guidelines for the use and interpretation of assays for monitoring autophagy (4th edition)1 (1030.0),47.516231,14.550072
9,Azerbaijan,8,518.0,64.75,Advancing the global public health agenda for NAFLD: a consensus statement (222.0) | Global Retinoblastoma Presentation and Analysis by National Income Level (146.0) | A multinational Delphi consensus to end the COVID-19 public health threat (53.0),40.143105,47.576927
10,Bahrain,14,693.0,43.3125,Advancing the global public health agenda for NAFLD: a consensus statement (222.0) | Advancing the global public health agenda for NAFLD: a consensus statement (222.0) | Do consumers expect companies to be socially responsible? The impact of corporate social responsibility on buying behavior (109.0),25.930414,50.637772
11,Bangladesh,114,4226.0,27.08974358974359,Guidelines for the use and interpretation of assays for monitoring autophagy (4th edition)1 (1030.0) | Acute-on-chronic liver failure: consensus recommendations of the Asian Pacific association for the study of the liver (APASL): an update (418.0) | Acute-on-chronic liver failure: consensus recommendations of the Asian Pacific association for the study of the liver (APASL): an update (418.0),23.684994,90.356331
12,Belarus,499,17273.0,33.67056530214425,Combined measurements of Higgs boson couplings in proton–proton collisions at √s=13Te (379.0) | Identification of heavy-flavour jets with the CMS detector in pp collisions at 13 TeV (350.0) | Performance of the CMS muon detector and muon reconstruction with proton-proton collisions at s=13 TeV (237.0),53.709807,27.953389
13,Belgium,794,117245.0,38.8099966898378,European Position Paper on Rhinosinusitis and Nasal Polyps 2020 (1356.0) | European Position Paper on Rhinosinusitis and Nasal Polyps 2020 (1356.0) | European Position Paper on Rhinosinusitis and Nasal Polyps 2020 (1356.0),50.503887,4.469936
14,Belize,1,106.0,53.0,A multinational Delphi consensus to end the COVID-19 public health threat (53.0) | A multinational Delphi consensus to end the COVID-19 public health threat (53.0),17.189877,-88.49765
15,Benin,5,429.0,71.5,Advancing the global public health agenda for NAFLD: a consensus statement (222.0) | Global Retinoblastoma Presentation and Analysis by National Income Level (146.0) | A multinational Delphi consensus to end the COVID-19 public health threat (53.0),9.30769,2.315834
16,Bhutan,20,294.0,9.1875,"A multinational Delphi consensus to end the COVID-19 public health threat (53.0) | Meningococcal disease surveillance in the Asia–Pacific region (2020): The global meningococcal initiative (41.0) | Social capital, outpatient care utilization and choice between different levels of health facilities in rural and urban areas of Bhutan (31.0)",27.514162,90.433601
17,Bolivia,21,325.0,13.0,Global Retinoblastoma Presentation and Analysis by National Income Level (146.0) | Family Matters: Rethinking the Psychology of Human Social Motivation (39.0) | Use of the Renal Angina Index in Determining Acute Kidney Injury (22.0),-16.290154,-63.588653
18,Bosnia and Herzegovina,12,1551.0,129.25,European Position Paper on Rhinosinusitis and Nasal Polyps 2020 (1356.0) | A multinational Delphi consensus to end the COVID-19 public health threat (53.0) | Perceptions of the appropriate response to norm violation in 57 societies (45.0),43.915886,17.679076
19,Botswana,10,334.0,33.4,Global Retinoblastoma Presentation and Analysis by National Income Level (146.0) | Research priorities for an HIV cure: International AIDS Society Global Scientific Strategy 2021 (96.0) | Perceptions of the appropriate response to norm violation in 57 societies (45.0),-22.328474,24.684866
20,Brazil,912,134965.0,36.0772520716386,European Position Paper on Rhinosinusitis and Nasal Polyps 2020 (1356.0) | Guidelines for the use and interpretation of assays for monitoring autophagy (4th edition)1 (1030.0) | Guidelines for the use and interpretation of assays for monitoring autophagy (4th edition)1 (1030.0),-14.235004,-51.92528
21,Brunei Darussalam,15,343.0,21.4375,Population Density and Risk of Inflammatory Bowel Disease: A Prospective Population-Based Study in 13 Countries or Regions in Asia-Pacific (145.0) | Mechanothermal synthesis of Ag/TiO2 for photocatalytic methyl orange degradation and hydrogen production (96.0) | Southeast Asian Pharmacogenomics Research Network (SEAPharm): Current Status and Perspectives (17.0),4.535277,114.727669
22,Bulgaria,760,40531.0,31.249807247494218,European Position Paper on Rhinosinusitis and Nasal Polyps 2020 (1356.0) | Guidelines for the use and interpretation of assays for monitoring autophagy (4th edition)1 (1030.0) | Combined measurements of Higgs boson couplings in proton–proton collisions at √s=13Te (379.0),42.733883,25.48583
23,Burkina Faso,4,438.0,109.5,Advancing the global public health agenda for NAFLD: a consensus statement (222.0) | Global Retinoblastoma Presentation and Analysis by National Income Level (146.0) | A multinational Delphi consensus to end the COVID-19 public health threat (53.0),12.238333,-1.561593
24,Burundi,2,149.0,74.5,Global Retinoblastoma Presentation and Analysis by National Income Level (146.0) | Plastic debris in lakes and reservoirs (3.0),-3.373056,29.918886
25,Cambodia,118,1175.0,8.639705882352942,"Global Retinoblastoma Presentation and Analysis by National Income Level (146.0) | Helicobacter pylori management in ASEAN: The Bangkok consensus report (86.0) | Integrating the social, hydrological and ecological dimensions of freshwater health: The Freshwater Health Index (81.0)",12.565679,104.990963
26,Cameroon,15,568.0,31.555555555555557,Global Retinoblastoma Presentation and Analysis by National Income Level (146.0) | Global Retinoblastoma Presentation and Analysis by National Income Level (146.0) | Status of care for end stage kidney disease in countries and regions worldwide: International cross sectional survey (108.0),7.369722,12.354722
27,Canada,560,82749.0,73.09982332155477,European Position Paper on Rhinosinusitis and Nasal Polyps 2020 (1356.0) | European Position Paper on Rhinosinusitis and Nasal Polyps 2020 (1356.0) | European Position Paper on Rhinosinusitis and Nasal Polyps 2020 (1356.0),56.130366,-106.346771
28,Cape Verde,4,278.0,69.5,Advancing the global public health agenda for NAFLD: a consensus statement (222.0) | A multinational Delphi consensus to end the COVID-19 public health threat (53.0) | Nonpharmaceutical interventions reduce the incidence and mortality of COVID-19: A study based on the survey from the International COVID-19 Research Network (ICRN) (3.0),16.002082,-24.013197
29,Central African Republic,2,368.0,184.0,Advancing the global public health agenda for NAFLD: a consensus statement (222.0) | Global Retinoblastoma Presentation and Analysis by National Income Level (146.0),6.611111,20.939444
30,Chad,3,179.0,44.75,"Global Retinoblastoma Presentation and Analysis by National Income Level (146.0) | The global case fatality rate of coronavirus disease 2019 by continents and national income: A meta-analysis (27.0) | Molecular surveillance for operationally relevant genetic polymorphisms in Plasmodium falciparum in Southern Chad, 2016–2017 (3.0)",15.454166,18.732207
31,Chile,181,20789.0,72.43554006968641,European Position Paper on Rhinosinusitis and Nasal Polyps 2020 (1356.0) | Guidelines for the use and interpretation of assays for monitoring autophagy (4th edition)1 (1030.0) | Guidelines for the use and interpretation of assays for monitoring autophagy (4th edition)1 (1030.0),-35.675147,-71.542969
32,China,1831,350803.0,59.97657719268251,European Position Paper on Rhinosinusitis and Nasal Polyps 2020 (1356.0) | European Position Paper on Rhinosinusitis and Nasal Polyps 2020 (1356.0) | European Position Paper on Rhinosinusitis and Nasal Polyps 2020 (1356.0),35.86166,104.195397
33,Colombia,584,25941.0,29.016778523489933,European Position Paper on Rhinosinusitis and Nasal Polyps 2020 (1356.0) | Combined measurements of Higgs boson couplings in proton–proton collisions at √s=13Te (379.0) | Identification of heavy-flavour jets with the CMS detector in pp collisions at 13 TeV (350.0),4.570868,-74.297333
34,Congo,1,53.0,53.0,A multinational Delphi consensus to end the COVID-19 public health threat (53.0),-0.228021,15.827659
35,Costa Rica,18,2025.0,106.57894736842105,European Position Paper on Rhinosinusitis and Nasal Polyps 2020 (1356.0) | Advancing the global public health agenda for NAFLD: a consensus statement (222.0) | Global Retinoblastoma Presentation and Analysis by National Income Level (146.0),9.748917,-83.753428
36,Cote Dlvoire,11,280.0,25.454545454545453,Global Retinoblastoma Presentation and Analysis by National Income Level (146.0) | Perceptions of the appropriate response to norm violation in 57 societies (45.0) | Whole-Genome Sequencing for Drug Resistance Profile Prediction in Mycobacterium tuberculosis (43.0),7.546855,-5.5471
37,Croatia,563,59174.0,36.347665847665844,European Position Paper on Rhinosinusitis and Nasal Polyps 2020 (1356.0) | European Position Paper on Rhinosinusitis and Nasal Polyps 2020 (1356.0) | European Position Paper on Rhinosinusitis and Nasal Polyps 2020 (1356.0),45.1,15.2
38,Cuba,11,528.0,48.0,Advancing the global public health agenda for NAFLD: a consensus statement (222.0) | Global Retinoblastoma Presentation and Analysis by National Income Level (146.0) | Critical Comments on EEG Sensor Space Dynamical Connectivity Analysis (72.0),21.521757,-77.781167
39,Cyprus,536,20477.0,29.6768115942029,Guidelines for the use and interpretation of assays for monitoring autophagy (4th edition)1 (1030.0) | Combined measurements of Higgs boson couplings in proton–proton collisions at √s=13Te (379.0) | Identification of heavy-flavour jets with the CMS detector in pp collisions at 13 TeV (350.0),35.126413,33.429859
40,Czech Republic,626,28171.0,40.41750358680057,European Position Paper on Rhinosinusitis and Nasal Polyps 2020 (1356.0) | Guidelines for the use and interpretation of assays for monitoring autophagy (4th edition)1 (1030.0) | Guidelines for the use and interpretation of assays for monitoring autophagy (4th edition)1 (1030.0),49.817492,15.472962
41,Democratic Republic Congo,13,2122.0,124.82352941176471,European Position Paper on Rhinosinusitis and Nasal Polyps 2020 (1356.0) | Advancing the global public health agenda for NAFLD: a consensus statement (222.0) | Global Retinoblastoma Presentation and Analysis by National Income Level (146.0),-4.038333,21.758664
42,Denmark,178,21734.0,82.63878326996198,European Position Paper on Rhinosinusitis and Nasal Polyps 2020 (1356.0) | European Position Paper on Rhinosinusitis and Nasal Polyps 2020 (1356.0) | Guidelines for the use and interpretation of assays for monitoring autophagy (4th edition)1 (1030.0),56.26392,9.501785
43,Dominican Republic,9,827.0,63.61538461538461,Advancing the global public health agenda for NAFLD: a consensus statement (222.0) | Advancing the global public health agenda for NAFLD: a consensus statement (222.0) | Global Retinoblastoma Presentation and Analysis by National Income Level (146.0),18.735693,-70.162651
44,Ecuador,544,29790.0,31.357894736842105,European Position Paper on Rhinosinusitis and Nasal Polyps 2020 (1356.0) | Combined measurements of Higgs boson couplings in proton–proton collisions at √s=13Te (379.0) | Combined measurements of Higgs boson couplings in proton–proton collisions at √s=13Te (379.0),-1.831239,-78.183406
45,Egypt,638,75045.0,32.48701298701299,European Position Paper on Rhinosinusitis and Nasal Polyps 2020 (1356.0) | Guidelines for the use and interpretation of assays for monitoring autophagy (4th edition)1 (1030.0) | Guidelines for the use and interpretation of assays for monitoring autophagy (4th edition)1 (1030.0),26.820553,30.802498
46,El Salvador,2,1502.0,751.0,European Position Paper on Rhinosinusitis and Nasal Polyps 2020 (1356.0) | Global Retinoblastoma Presentation and Analysis by National Income Level (146.0),13.794185,-88.89653
47,Eritrea,1,5.0,5.0,"Spatial and temporal variation of groundwater recharge in shallow aquifer in the Thepkasattri of Phuket, Thailand (5.0)",15.179384,39.782334
48,Estonia,537,19399.0,35.39963503649635,Guidelines for the use and interpretation of assays for monitoring autophagy (4th edition)1 (1030.0) | Combined measurements of Higgs boson couplings in proton–proton collisions at √s=13Te (379.0) | Identification of heavy-flavour jets with the CMS detector in pp collisions at 13 TeV (350.0),58.595272,25.013607
49,Ethiopia,30,792.0,22.62857142857143,Advancing the global public health agenda for NAFLD: a consensus statement (222.0) | Global Retinoblastoma Presentation and Analysis by National Income Level (146.0) | Global Retinoblastoma Presentation and Analysis by National Income Level (146.0),9.145,40.489673
50,Federated States of Micronesia,2,0.0,0.0,Leveraging Social Media for SMEs: Findings from a Bibliometric Review (0.0) | Novel CRB1 pathogenic variant in Chuuk families with Leber congenital amaurosis (0.0),7.425554,150.550812
51,Fiji,2,27.0,13.5,An Indo-Pacific coral spawning database (21.0) | Surgeons’ perspectives on artificial intelligence to support clinical decision-making in trauma and emergency contexts: results from an international survey (6.0),-16.578193,179.414413
52,Finland,609,65722.0,38.98102016607355,European Position Paper on Rhinosinusitis and Nasal Polyps 2020 (1356.0) | European Position Paper on Rhinosinusitis and Nasal Polyps 2020 (1356.0) | Guidelines for the use and interpretation of assays for monitoring autophagy (4th edition)1 (1030.0),61.92411,25.748151
53,France,1035,178680.0,48.00644814615798,European Position Paper on Rhinosinusitis and Nasal Polyps 2020 (1356.0) | European Position Paper on Rhinosinusitis and Nasal Polyps 2020 (1356.0) | Guidelines for the use and interpretation of assays for monitoring autophagy (4th edition)1 (1030.0),46.227638,2.213749
54,French Guiana,1,15.0,15.0,"Human plasmodium vivax diversity, population structure and evolutionary origin (15.0)",3.933889,-53.125782
55,Gabon,2,147.0,73.5,Global Retinoblastoma Presentation and Analysis by National Income Level (146.0) | Association of respiratory symptoms and lung function with occupation in the multinational Burden of Obstructive Lung Disease (BOLD) study (1.0),-0.803689,11.609444
56,Gambia,2,21.0,10.5,Global Respiratory Syncytial Virus-Related Infant Community Deaths (17.0) | The Fifth International Neonatal and Maternal Immunization Symposium (INMIS 2019): Securing Protection for the Next Generation (4.0),13.443182,-15.310139
57,Georgia,537,34716.0,34.9607250755287,Combined measurements of Higgs boson couplings in proton–proton collisions at √s=13Te (379.0) | Combined measurements of Higgs boson couplings in proton–proton collisions at √s=13Te (379.0) | Identification of heavy-flavour jets with the CMS detector in pp collisions at 13 TeV (350.0),42.315407,43.356892
58,Germany,1180,227936.0,58.07286624203822,European Position Paper on Rhinosinusitis and Nasal Polyps 2020 (1356.0) | European Position Paper on Rhinosinusitis and Nasal Polyps 2020 (1356.0) | European Position Paper on Rhinosinusitis and Nasal Polyps 2020 (1356.0),51.165691,10.451526
59,Ghana,30,2451.0,68.08333333333333,European Position Paper on Rhinosinusitis and Nasal Polyps 2020 (1356.0) | Advancing the global public health agenda for NAFLD: a consensus statement (222.0) | Global Retinoblastoma Presentation and Analysis by National Income Level (146.0),7.946527,-1.023194
60,Greece,608,81618.0,36.66576819407008,European Position Paper on Rhinosinusitis and Nasal Polyps 2020 (1356.0) | European Position Paper on Rhinosinusitis and Nasal Polyps 2020 (1356.0) | Guidelines for the use and interpretation of assays for monitoring autophagy (4th edition)1 (1030.0),39.074208,21.824312
61,Guatemala,7,578.0,82.57142857142857,Health equity and COVID-19: Global perspectives (367.0) | Global Retinoblastoma Presentation and Analysis by National Income Level (146.0) | A multinational Delphi consensus to end the COVID-19 public health threat (53.0),15.783471,-90.230759
62,Guinea,3,4.0,1.3333333333333333,Predicting the potential for zoonotic transmission and host associations for novel viruses (2.0) | Living Safely With Bats: Lessons in Developing and Sharing a Global One Health Educational Resource (1.0) | Erratum: Author Correction: Predicting the potential for zoonotic transmission and host associations for novel viruses (Communications biology (2022) 5 1 (844)) (1.0),9.945587,-9.696645
63,Guinea-Bissau,1,53.0,53.0,A multinational Delphi consensus to end the COVID-19 public health threat (53.0),11.803749,-15.180413
64,Guyana,1,27.0,27.0,The global case fatality rate of coronavirus disease 2019 by continents and national income: A meta-analysis (27.0),4.860416,-58.93018
65,Haiti,7,260.0,26.0,Global Retinoblastoma Presentation and Analysis by National Income Level (146.0) | A multinational Delphi consensus to end the COVID-19 public health threat (53.0) | Cervical cancer-associated suffering: Estimating the palliative care needs of a highly vulnerable population (13.0),18.971187,-72.285215
66,Honduras,8,317.0,26.416666666666668,Global Retinoblastoma Presentation and Analysis by National Income Level (146.0) | Prevention of vaccine-matched and mismatched influenza in children aged 6–35 months: a multinational randomised trial across five influenza seasons (43.0) | Prevention of vaccine-matched and mismatched influenza in children aged 6–35 months: a multinational randomised trial across five influenza seasons (43.0),15.199999,-86.241905
67,Hong Kong,317,23612.0,58.59057071960298,Guidelines for the use and interpretation of assays for monitoring autophagy (4th edition)1 (1030.0) | Guidelines for the use and interpretation of assays for monitoring autophagy (4th edition)1 (1030.0) | Guidelines for the use and interpretation of assays for monitoring autophagy (4th edition)1 (1030.0),22.396428,114.109497
68,Hungary,587,79492.0,32.565342072920934,European Position Paper on Rhinosinusitis and Nasal Polyps 2020 (1356.0) | Guidelines for the use and interpretation of assays for monitoring autophagy (4th edition)1 (1030.0) | Guidelines for the use and interpretation of assays for monitoring autophagy (4th edition)1 (1030.0),47.162494,19.503304
69,Iceland,41,2427.0,43.339285714285715,"Guidelines for the use and interpretation of assays for monitoring autophagy (4th edition)1 (1030.0) | Cyclodextrins: structure, physicochemical properties and pharmaceutical applications (449.0) | Solubility of cyclodextrins and drug/cyclodextrin complexes (344.0)",64.963051,-19.020835
70,India,1404,292089.0,34.8554892601432,Guidelines for the use and interpretation of assays for monitoring autophagy (4th edition)1 (1030.0) | Guidelines for the use and interpretation of assays for monitoring autophagy (4th edition)1 (1030.0) | Guidelines for the use and interpretation of assays for monitoring autophagy (4th edition)1 (1030.0),20.593684,78.96288
71,Indonesia,513,13249.0,18.98137535816619,European Position Paper on Rhinosinusitis and Nasal Polyps 2020 (1356.0) | European Position Paper on Rhinosinusitis and Nasal Polyps 2020 (1356.0) | Guidelines for the use and interpretation of assays for monitoring autophagy (4th edition)1 (1030.0),-0.789275,113.921327
72,Iran,698,67346.0,39.82613837965701,European Position Paper on Rhinosinusitis and Nasal Polyps 2020 (1356.0) | European Position Paper on Rhinosinusitis and Nasal Polyps 2020 (1356.0) | Guidelines for the use and interpretation of assays for monitoring autophagy (4th edition)1 (1030.0),32.427908,53.688046
73,Iraq,93,4942.0,28.402298850574713,European Position Paper on Rhinosinusitis and Nasal Polyps 2020 (1356.0) | Guidelines for the use and interpretation of assays for monitoring autophagy (4th edition)1 (1030.0) | Global Retinoblastoma Presentation and Analysis by National Income Level (146.0),33.223191,43.679291
74,Ireland,595,27836.0,44.39553429027113,European Position Paper on Rhinosinusitis and Nasal Polyps 2020 (1356.0) | European Position Paper on Rhinosinusitis and Nasal Polyps 2020 (1356.0) | Guidelines for the use and interpretation of assays for monitoring autophagy (4th edition)1 (1030.0),53.41291,-8.24389
75,Israel,92,16174.0,114.70921985815603,European Position Paper on Rhinosinusitis and Nasal Polyps 2020 (1356.0) | Guidelines for the use and interpretation of assays for monitoring autophagy (4th edition)1 (1030.0) | Guidelines for the use and interpretation of assays for monitoring autophagy (4th edition)1 (1030.0),31.046051,34.851612
76,Italy,1018,704000.0,37.73989492870162,European Position Paper on Rhinosinusitis and Nasal Polyps 2020 (1356.0) | European Position Paper on Rhinosinusitis and Nasal Polyps 2020 (1356.0) | European Position Paper on Rhinosinusitis and Nasal Polyps 2020 (1356.0),41.87194,12.56738
77,Jamaica,13,516.0,32.25,Advancing the global public health agenda for NAFLD: a consensus statement (222.0) | Global Retinoblastoma Presentation and Analysis by National Income Level (146.0) | A multinational Delphi consensus to end the COVID-19 public health threat (53.0),18.109581,-77.297508
78,Japan,2111,130464.0,38.701868881637495,European Position Paper on Rhinosinusitis and Nasal Polyps 2020 (1356.0) | European Position Paper on Rhinosinusitis and Nasal Polyps 2020 (1356.0) | European Position Paper on Rhinosinusitis and Nasal Polyps 2020 (1356.0),36.204824,138.252924
79,Jordan,32,2068.0,59.08571428571429,European Position Paper on Rhinosinusitis and Nasal Polyps 2020 (1356.0) | Advancing the global public health agenda for NAFLD: a consensus statement (222.0) | Global Retinoblastoma Presentation and Analysis by National Income Level (146.0),30.585164,36.238414
80,Kazakhstan,38,651.0,14.466666666666667,Advancing the global public health agenda for NAFLD: a consensus statement (222.0) | Global Retinoblastoma Presentation and Analysis by National Income Level (146.0) | Perceptions of the appropriate response to norm violation in 57 societies (45.0),48.019573,66.923684
81,Kenya,39,1203.0,21.105263157894736,Global Retinoblastoma Presentation and Analysis by National Income Level (146.0) | To which world regions does the valence–dominance model of social perception apply? (91.0) | To which world regions does the valence–dominance model of social perception apply? (91.0),-0.023559,37.906193
82,Kuwait,144,1755.0,12.1875,Advancing the global public health agenda for NAFLD: a consensus statement (222.0) | Search for resonant and nonresonant new phenomena in high-mass dilepton final states at √s = 13 TeV (98.0) | Evidence for Higgs boson decay to a pair of muons (88.0),29.31166,47.481766
83,Kyrgyzstan,5,423.0,84.6,Advancing the global public health agenda for NAFLD: a consensus statement (222.0) | Global Retinoblastoma Presentation and Analysis by National Income Level (146.0) | COVID-19 Highlights the Need for More Effective Wildlife Trade Legislation (54.0),41.20438,74.766098
84,Laos,35,427.0,10.675,"Integrating the social, hydrological and ecological dimensions of freshwater health: The Freshwater Health Index (81.0) | A multinational Delphi consensus to end the COVID-19 public health threat (53.0) | Annotated checklist of the terrestrial molluscs from laos (mollusca, gastropoda) (51.0)",19.85627,102.495496
85,Latvia,499,15561.0,30.93638170974155,Identification of heavy-flavour jets with the CMS detector in pp collisions at 13 TeV (350.0) | Performance of the CMS muon detector and muon reconstruction with proton-proton collisions at s=13 TeV (237.0) | Observation of t t H Production (231.0),56.879635,24.603189
86,Lebanon,50,2173.0,38.12280701754386,European Position Paper on Rhinosinusitis and Nasal Polyps 2020 (1356.0) | Advancing the global public health agenda for NAFLD: a consensus statement (222.0) | Global Retinoblastoma Presentation and Analysis by National Income Level (146.0),33.854721,35.862285
87,Liberia,3,13.0,4.333333333333333,"It is time for ambitious, transformational change to the epidemic countermeasures ecosystem (6.0) | Surgeons’ perspectives on artificial intelligence to support clinical decision-making in trauma and emergency contexts: results from an international survey (6.0) | Living Safely With Bats: Lessons in Developing and Sharing a Global One Health Educational Resource (1.0)",6.428055,-9.429499
88,Libya,4,1514.0,302.8,European Position Paper on Rhinosinusitis and Nasal Polyps 2020 (1356.0) | Global Retinoblastoma Presentation and Analysis by National Income Level (146.0) | Surgeons’ perspectives on artificial intelligence to support clinical decision-making in trauma and emergency contexts: results from an international survey (6.0),26.3351,17.228331
89,Lithuania,537,19003.0,35.19074074074074,European Position Paper on Rhinosinusitis and Nasal Polyps 2020 (1356.0) | Combined measurements of Higgs boson couplings in proton–proton collisions at √s=13Te (379.0) | Identification of heavy-flavour jets with the CMS detector in pp collisions at 13 TeV (350.0),55.169438,23.881275
90,Luxembourg,6,2139.0,267.375,Guidelines for the use and interpretation of assays for monitoring autophagy (4th edition)1 (1030.0) | Guidelines for the use and interpretation of assays for monitoring autophagy (4th edition)1 (1030.0) | Emerging roles of the protease allergen Der p 1 in house dust mite–induced airway inflammation (34.0),49.815273,6.129583
91,Macao,10,3464.0,266.46153846153845,Guidelines for the use and interpretation of assays for monitoring autophagy (4th edition)1 (1030.0) | Guidelines for the use and interpretation of assays for monitoring autophagy (4th edition)1 (1030.0) | Guidelines for the use and interpretation of assays for monitoring autophagy (4th edition)1 (1030.0),22.198745,113.543873
92,Madagascar,2,146.0,73.0,"Global Retinoblastoma Presentation and Analysis by National Income Level (146.0) | Back-to-Africa introductions of Mycobacterium tuberculosis as the main cause of tuberculosis in Dar es Salaam, Tanzania (0.0)",-18.766947,46.869107
93,Malawi,16,608.0,35.76470588235294,Advancing the global public health agenda for NAFLD: a consensus statement (222.0) | Global Retinoblastoma Presentation and Analysis by National Income Level (146.0) | Research priorities for an HIV cure: International AIDS Society Global Scientific Strategy 2021 (96.0),-13.254308,34.301525
94,Malaysia,1182,54900.0,28.24074074074074,European Position Paper on Rhinosinusitis and Nasal Polyps 2020 (1356.0) | European Position Paper on Rhinosinusitis and Nasal Polyps 2020 (1356.0) | European Position Paper on Rhinosinusitis and Nasal Polyps 2020 (1356.0),4.210484,101.975766
95,Maldives,2,20.0,10.0,"Monkeypox: Immune response, vaccination and preventive efforts (17.0) | Nonpharmaceutical interventions reduce the incidence and mortality of COVID-19: A study based on the survey from the International COVID-19 Research Network (ICRN) (3.0)",3.202778,73.22068
96,Mali,4,336.0,67.2,Global Retinoblastoma Presentation and Analysis by National Income Level (146.0) | Global Retinoblastoma Presentation and Analysis by National Income Level (146.0) | The global case fatality rate of coronavirus disease 2019 by continents and national income: A meta-analysis (27.0),17.570692,-3.996166
97,Malta,8,2400.0,300.0,European Position Paper on Rhinosinusitis and Nasal Polyps 2020 (1356.0) | Guidelines for the use and interpretation of assays for monitoring autophagy (4th edition)1 (1030.0) | Data-driven methods distort optimal cutoffs and accuracy estimates of depression screening tools: a simulation study using individual participant data (7.0),35.937496,14.375416
98,Mauritania,4,337.0,67.4,Global Retinoblastoma Presentation and Analysis by National Income Level (146.0) | Global Retinoblastoma Presentation and Analysis by National Income Level (146.0) | The global case fatality rate of coronavirus disease 2019 by continents and national income: A meta-analysis (27.0),21.00789,-10.940835
99,Mauritius,5,286.0,47.666666666666664,Advancing the global public health agenda for NAFLD: a consensus statement (222.0) | A multinational Delphi consensus to end the COVID-19 public health threat (53.0) | Keeping It Real: Antibiotic Use Problems and Stewardship Solutions in Low- and Middle-income Countries (4.0),-20.348404,57.552152
100,Mexico,717,106466.0,30.066647839593337,Guidelines for the use and interpretation of assays for monitoring autophagy (4th edition)1 (1030.0) | Guidelines for the use and interpretation of assays for monitoring autophagy (4th edition)1 (1030.0) | Guidelines for the use and interpretation of assays for monitoring autophagy (4th edition)1 (1030.0),23.634501,-102.552784
101,Moldova,4,250.0,50.0,"Advancing the global public health agenda for NAFLD: a consensus statement (222.0) | Clinical and immunologic responses to a B-Cell epitope vaccine in patients with HER2/neu-overexpressing advanced gastric cancer—results from phase Ib trial IMU.ACS.001 (17.0) | Safety, pharmacokinetics, and antiviral activity of the capsid inhibitor AB-506 from Phase 1 studies in healthy subjects and those with hepatitis B (5.0)",47.411631,28.369885
102,Monaco,1,21.0,21.0,Dealing with the effects of ocean acidification on coral reefs in the Indian Ocean and Asia (21.0),43.750298,7.412841
103,Mongolia,15,832.0,48.94117647058823,Advancing the global public health agenda for NAFLD: a consensus statement (222.0) | Pre-existing liver disease is associated with poor outcome in patients with SARS CoV2 infection; The APCOLIS Study (APASL COVID-19 Liver Injury Spectrum Study) (170.0) | Pre-existing liver disease is associated with poor outcome in patients with SARS CoV2 infection; The APCOLIS Study (APASL COVID-19 Liver Injury Spectrum Study) (170.0),46.862496,103.846656
104,Montenegro,271,5099.0,18.81549815498155,Search for resonant and nonresonant new phenomena in high-mass dilepton final states at √s = 13 TeV (98.0) | Search for supersymmetry in proton-proton collisions at 13 TeV in final states with jets and missing transverse momentum (94.0) | Performance of the CMS Level-1 trigger in proton-proton collisions at √s = 13 TeV (93.0),42.708678,19.37439
105,Morocco,29,1662.0,30.21818181818182,Practical management of acne for clinicians: An international consensus from the Global Alliance to Improve Outcomes in Acne (185.0) | Global Retinoblastoma Presentation and Analysis by National Income Level (146.0) | Global Retinoblastoma Presentation and Analysis by National Income Level (146.0),31.791702,-7.09262
106,Mozambique,15,669.0,23.892857142857142,Global Retinoblastoma Presentation and Analysis by National Income Level (146.0) | Global Retinoblastoma Presentation and Analysis by National Income Level (146.0) | Global Retinoblastoma Presentation and Analysis by National Income Level (146.0),-18.665695,35.529562
107,Myanmar,81,1375.0,13.349514563106796,Acute-on-chronic liver failure: consensus recommendations of the Asian Pacific association for the study of the liver (APASL): an update (418.0) | Global Retinoblastoma Presentation and Analysis by National Income Level (146.0) | Helicobacter pylori management in ASEAN: The Bangkok consensus report (86.0),21.913965,95.956223
108,Namibia,2,10.0,5.0,"TeV Emission of Galactic Plane Sources with HAWC and H.E.S.S. (10.0) | Combined dark matter searches towards dwarf spheroidal galaxies with Fermi-LAT, HAWC, H.E.S.S., MAGIC, and VERITAS (0.0)",-22.95764,18.49041
109,Nepal,53,1593.0,23.776119402985074,Acute-on-chronic liver failure: consensus recommendations of the Asian Pacific association for the study of the liver (APASL): an update (418.0) | Advancing the global public health agenda for NAFLD: a consensus statement (222.0) | Global Retinoblastoma Presentation and Analysis by National Income Level (146.0),28.394857,84.124008
110,Netherlands,399,37468.0,59.853035143769965,European Position Paper on Rhinosinusitis and Nasal Polyps 2020 (1356.0) | European Position Paper on Rhinosinusitis and Nasal Polyps 2020 (1356.0) | European Position Paper on Rhinosinusitis and Nasal Polyps 2020 (1356.0),52.132633,5.291266
111,New Zealand,653,42631.0,35.37842323651452,European Position Paper on Rhinosinusitis and Nasal Polyps 2020 (1356.0) | Guidelines for the use and interpretation of assays for monitoring autophagy (4th edition)1 (1030.0) | Guidelines for the use and interpretation of assays for monitoring autophagy (4th edition)1 (1030.0),-40.900557,174.885971
112,Nicaragua,3,216.0,72.0,Global Retinoblastoma Presentation and Analysis by National Income Level (146.0) | A multinational Delphi consensus to end the COVID-19 public health threat (53.0) | Global Respiratory Syncytial Virus-Related Infant Community Deaths (17.0),12.865416,-85.207229
113,Niger,2,152.0,76.0,Global Retinoblastoma Presentation and Analysis by National Income Level (146.0) | Surgeons’ perspectives on artificial intelligence to support clinical decision-making in trauma and emergency contexts: results from an international survey (6.0),17.607789,8.081666
114,Nigeria,124,3514.0,21.558282208588956,Advancing the global public health agenda for NAFLD: a consensus statement (222.0) | Management of Helicobacter pylori infection: the Maastricht VI/Florence consensus report (190.0) | Global Retinoblastoma Presentation and Analysis by National Income Level (146.0),9.081999,8.675277
116,North Macedonia,20,2016.0,91.63636363636364,European Position Paper on Rhinosinusitis and Nasal Polyps 2020 (1356.0) | Advancing the global public health agenda for NAFLD: a consensus statement (222.0) | Global Retinoblastoma Presentation and Analysis by National Income Level (146.0),41.608635,21.745275
117,Norway,106,19957.0,112.11797752808988,European Position Paper on Rhinosinusitis and Nasal Polyps 2020 (1356.0) | Guidelines for the use and interpretation of assays for monitoring autophagy (4th edition)1 (1030.0) | Guidelines for the use and interpretation of assays for monitoring autophagy (4th edition)1 (1030.0),60.472024,8.468946
118,Oman,11,1737.0,144.75,European Position Paper on Rhinosinusitis and Nasal Polyps 2020 (1356.0) | Advancing the global public health agenda for NAFLD: a consensus statement (222.0) | A multinational Delphi consensus to end the COVID-19 public health threat (53.0),21.512583,55.923255
119,Pakistan,817,23166.0,23.907120743034056,Acute-on-chronic liver failure: consensus recommendations of the Asian Pacific association for the study of the liver (APASL): an update (418.0) | Acute-on-chronic liver failure: consensus recommendations of the Asian Pacific association for the study of the liver (APASL): an update (418.0) | Combined measurements of Higgs boson couplings in proton–proton collisions at √s=13Te (379.0),30.375321,69.345116
120,Palestine,18,2347.0,123.52631578947368,Guidelines for the use and interpretation of assays for monitoring autophagy (4th edition)1 (1030.0) | Guidelines for the use and interpretation of assays for monitoring autophagy (4th edition)1 (1030.0) | Production of geopolymer concrete by utilizing volcanic pumice dust (81.0),31.952162,35.233154
121,Panama,11,270.0,24.545454545454547,Global Retinoblastoma Presentation and Analysis by National Income Level (146.0) | Why Patients Visit Dentists – A Study in all World Health Organization Regions (31.0) | A highly resolved food web for insect seed predators in a species-rich tropical forest (28.0),8.537981,-80.782127
122,Papua New Guinea,4,156.0,39.0,"Global Retinoblastoma Presentation and Analysis by National Income Level (146.0) | Host specificity and interaction networks of insects feeding on seeds and fruits in tropical rainforests (8.0) | Ending AIDS in the Asia-Pacific region by 2030: Are we on track? Policy, epidemiological and intervention insights (2.0)",-6.314993,143.95555
123,Paraguay,7,1725.0,191.66666666666666,European Position Paper on Rhinosinusitis and Nasal Polyps 2020 (1356.0) | Global Retinoblastoma Presentation and Analysis by National Income Level (146.0) | Global Retinoblastoma Presentation and Analysis by National Income Level (146.0),-23.442503,-58.443832
124,Peru,56,1729.0,24.7,Global Retinoblastoma Presentation and Analysis by National Income Level (146.0) | Global Retinoblastoma Presentation and Analysis by National Income Level (146.0) | Global Retinoblastoma Presentation and Analysis by National Income Level (146.0),-9.189967,-75.015152
125,Philippines,244,7486.0,21.146892655367232,European Position Paper on Rhinosinusitis and Nasal Polyps 2020 (1356.0) | Acute-on-chronic liver failure: consensus recommendations of the Asian Pacific association for the study of the liver (APASL): an update (418.0) | Acute-on-chronic liver failure: consensus recommendations of the Asian Pacific association for the study of the liver (APASL): an update (418.0),12.879721,121.774017
126,Poland,746,74583.0,38.16939611054248,European Position Paper on Rhinosinusitis and Nasal Polyps 2020 (1356.0) | Guidelines for the use and interpretation of assays for monitoring autophagy (4th edition)1 (1030.0) | Guidelines for the use and interpretation of assays for monitoring autophagy (4th edition)1 (1030.0),51.919438,19.145136
127,Portugal,640,39932.0,53.67204301075269,European Position Paper on Rhinosinusitis and Nasal Polyps 2020 (1356.0) | European Position Paper on Rhinosinusitis and Nasal Polyps 2020 (1356.0) | Guidelines for the use and interpretation of assays for monitoring autophagy (4th edition)1 (1030.0),39.399872,-8.224454
128,Puerto Rico,522,17116.0,32.72657743785851,Combined measurements of Higgs boson couplings in proton–proton collisions at √s=13Te (379.0) | Identification of heavy-flavour jets with the CMS detector in pp collisions at 13 TeV (350.0) | Performance of the CMS muon detector and muon reconstruction with proton-proton collisions at s=13 TeV (237.0),18.220833,-66.590149
129,Qatar,379,11912.0,31.18324607329843,Performance of the CMS muon detector and muon reconstruction with proton-proton collisions at s=13 TeV (237.0) | Observation of t t H Production (231.0) | Observation of Higgs Boson Decay to Bottom Quarks (229.0),25.354826,51.183884
130,Romania,87,6365.0,47.857142857142854,European Position Paper on Rhinosinusitis and Nasal Polyps 2020 (1356.0) | European Position Paper on Rhinosinusitis and Nasal Polyps 2020 (1356.0) | Guidelines for the use and interpretation of assays for monitoring autophagy (4th edition)1 (1030.0),45.943161,24.96676
131,Russian Federation,665,230429.0,35.233792048929665,European Position Paper on Rhinosinusitis and Nasal Polyps 2020 (1356.0) | European Position Paper on Rhinosinusitis and Nasal Polyps 2020 (1356.0) | Guidelines for the use and interpretation of assays for monitoring autophagy (4th edition)1 (1030.0),61.52401,105.318756
132,Rwanda,11,372.0,31.0,"Global Retinoblastoma Presentation and Analysis by National Income Level (146.0) | Epidemiology of anal human papillomavirus infection and high-grade squamous intraepithelial lesions in 29 900 men according to HIV status, sexuality, and age: a collaborative pooled analysis of 64 studies (56.0) | A multinational Delphi consensus to end the COVID-19 public health threat (53.0)",-1.940278,29.873888
133,Saudi Arabia,336,12855.0,31.353658536585368,"European Position Paper on Rhinosinusitis and Nasal Polyps 2020 (1356.0) | Emerging MDR-Pseudomonas aeruginosa in fish commonly harbor oprL and toxA virulence genes and bla TEM, bla CTX-M, and tetA antibiotic-resistance genes (650.0) | Performance of the CMS muon detector and muon reconstruction with proton-proton collisions at s=13 TeV (237.0)",23.885942,45.079162
134,Senegal,26,504.0,18.666666666666668,Global Retinoblastoma Presentation and Analysis by National Income Level (146.0) | Global Retinoblastoma Presentation and Analysis by National Income Level (146.0) | A multinational Delphi consensus to end the COVID-19 public health threat (53.0),14.497401,-14.452362
135,Serbia,576,35039.0,36.69005235602094,European Position Paper on Rhinosinusitis and Nasal Polyps 2020 (1356.0) | European Position Paper on Rhinosinusitis and Nasal Polyps 2020 (1356.0) | Guidelines for the use and interpretation of assays for monitoring autophagy (4th edition)1 (1030.0),44.016521,21.005859
136,Seychelles,1,53.0,53.0,A multinational Delphi consensus to end the COVID-19 public health threat (53.0),-4.679574,55.491977
137,Sierra Leone,4,73.0,14.6,The global case fatality rate of coronavirus disease 2019 by continents and national income: A meta-analysis (27.0) | Global Respiratory Syncytial Virus-Related Infant Community Deaths (17.0) | Global Respiratory Syncytial Virus-Related Infant Community Deaths (17.0),8.460555,-11.779889
138,Singapore,474,27780.0,37.69335142469471,European Position Paper on Rhinosinusitis and Nasal Polyps 2020 (1356.0) | European Position Paper on Rhinosinusitis and Nasal Polyps 2020 (1356.0) | European Position Paper on Rhinosinusitis and Nasal Polyps 2020 (1356.0),1.352083,103.819836
139,Slovakia,81,4365.0,35.48780487804878,European Position Paper on Rhinosinusitis and Nasal Polyps 2020 (1356.0) | Guidelines for the use and interpretation of assays for monitoring autophagy (4th edition)1 (1030.0) | Advancing the global public health agenda for NAFLD: a consensus statement (222.0),48.669026,19.699024
140,Slovenia,43,7472.0,111.5223880597015,European Position Paper on Rhinosinusitis and Nasal Polyps 2020 (1356.0) | European Position Paper on Rhinosinusitis and Nasal Polyps 2020 (1356.0) | Guidelines for the use and interpretation of assays for monitoring autophagy (4th edition)1 (1030.0),46.151241,14.995463
141,Somalia,2,63.0,31.5,A multinational Delphi consensus to end the COVID-19 public health threat (53.0) | Genetic homogeneity of goat malaria parasites in Asia and Africa suggests their expansion with domestic goat host (10.0),5.152149,46.199616
142,South Africa,181,11032.0,38.173010380622834,Guidelines for the use and interpretation of assays for monitoring autophagy (4th edition)1 (1030.0) | Guidelines for the use and interpretation of assays for monitoring autophagy (4th edition)1 (1030.0) | Guidelines for the use and interpretation of assays for monitoring autophagy (4th edition)1 (1030.0),-30.559482,22.937506
143,South Korea,1097,224463.0,40.52410182343383,European Position Paper on Rhinosinusitis and Nasal Polyps 2020 (1356.0) | European Position Paper on Rhinosinusitis and Nasal Polyps 2020 (1356.0) | Guidelines for the use and interpretation of assays for monitoring autophagy (4th edition)1 (1030.0),35.907757,127.766922
144,South Sudan,2,6.0,3.0,Comparison of catalytic and non-catalytic pyrolysis of ten typical biomass feedstocks to produce aromatics and olefins in a fluidized bed reactor (3.0) | Nonpharmaceutical interventions reduce the incidence and mortality of COVID-19: A study based on the survey from the International COVID-19 Research Network (ICRN) (3.0),8.0,30.0
145,Spain,857,188118.0,62.768768768768766,European Position Paper on Rhinosinusitis and Nasal Polyps 2020 (1356.0) | European Position Paper on Rhinosinusitis and Nasal Polyps 2020 (1356.0) | Guidelines for the use and interpretation of assays for monitoring autophagy (4th edition)1 (1030.0),40.463667,-3.74922
146,Sri Lanka,505,21739.0,23.836622807017545,Acute-on-chronic liver failure: consensus recommendations of the Asian Pacific association for the study of the liver (APASL): an update (418.0) | Combined measurements of Higgs boson couplings in proton–proton collisions at √s=13Te (379.0) | Performance of the CMS muon detector and muon reconstruction with proton-proton collisions at s=13 TeV (237.0),7.873054,80.771797
147,Sudan,23,849.0,31.444444444444443,Advancing the global public health agenda for NAFLD: a consensus statement (222.0) | Advancing the global public health agenda for NAFLD: a consensus statement (222.0) | Global Retinoblastoma Presentation and Analysis by National Income Level (146.0),12.862807,30.217636
148,Swaziland,1,146.0,146.0,Global Retinoblastoma Presentation and Analysis by National Income Level (146.0),-26.522503,31.465866
149,Sweden,338,30278.0,61.79183673469388,European Position Paper on Rhinosinusitis and Nasal Polyps 2020 (1356.0) | European Position Paper on Rhinosinusitis and Nasal Polyps 2020 (1356.0) | European Position Paper on Rhinosinusitis and Nasal Polyps 2020 (1356.0),60.128161,18.643501
150,Switzerland,768,103136.0,38.978080120937264,European Position Paper on Rhinosinusitis and Nasal Polyps 2020 (1356.0) | European Position Paper on Rhinosinusitis and Nasal Polyps 2020 (1356.0) | European Position Paper on Rhinosinusitis and Nasal Polyps 2020 (1356.0),46.818188,8.227512
151,Syrian Arab Republic,7,155.0,15.5,A multinational Delphi consensus to end the COVID-19 public health threat (53.0) | A multinational Delphi consensus to end the COVID-19 public health threat (53.0) | The global case fatality rate of coronavirus disease 2019 by continents and national income: A meta-analysis (27.0),34.802075,38.996815
152,Taiwan,1061,85653.0,41.74122807017544,Guidelines for the use and interpretation of assays for monitoring autophagy (4th edition)1 (1030.0) | Guidelines for the use and interpretation of assays for monitoring autophagy (4th edition)1 (1030.0) | Guidelines for the use and interpretation of assays for monitoring autophagy (4th edition)1 (1030.0),23.69781,120.960515
153,Tanzania,10,1766.0,126.14285714285714,European Position Paper on Rhinosinusitis and Nasal Polyps 2020 (1356.0) | Global Retinoblastoma Presentation and Analysis by National Income Level (146.0) | Global Retinoblastoma Presentation and Analysis by National Income Level (146.0),-6.369028,34.888822
154,Thailand,18331,313384.0,8.694484518921318,European Position Paper on Rhinosinusitis and Nasal Polyps 2020 (1356.0) | European Position Paper on Rhinosinusitis and Nasal Polyps 2020 (1356.0) | Immune responses in COVID-19 and potential vaccines: Lessons learned from SARS and MERS epidemic (1104.0),15.870032,100.992541
155,Timor-Leste,1,146.0,146.0,Global Retinoblastoma Presentation and Analysis by National Income Level (146.0),-8.874217,125.727539
156,Togo,3,202.0,67.33333333333333,Global Retinoblastoma Presentation and Analysis by National Income Level (146.0) | A multinational Delphi consensus to end the COVID-19 public health threat (53.0) | Nonpharmaceutical interventions reduce the incidence and mortality of COVID-19: A study based on the survey from the International COVID-19 Research Network (ICRN) (3.0),8.619543,0.824782
157,Trinidad and Tobago,7,82.0,11.714285714285714,"Perceptions of the appropriate response to norm violation in 57 societies (45.0) | Monkeypox: Immune response, vaccination and preventive efforts (17.0) | Survival of Salmonella in various wild animal feces that may contaminate produce (10.0)",10.691803,-61.222503
158,Tunisia,23,2944.0,117.76,European Position Paper on Rhinosinusitis and Nasal Polyps 2020 (1356.0) | Guidelines for the use and interpretation of assays for monitoring autophagy (4th edition)1 (1030.0) | Advancing the global public health agenda for NAFLD: a consensus statement (222.0),33.886917,9.537499
159,Turkey,653,287073.0,31.960921843687373,European Position Paper on Rhinosinusitis and Nasal Polyps 2020 (1356.0) | European Position Paper on Rhinosinusitis and Nasal Polyps 2020 (1356.0) | Guidelines for the use and interpretation of assays for monitoring autophagy (4th edition)1 (1030.0),38.963745,35.243322
160,Uganda,40,4461.0,76.91379310344827,European Position Paper on Rhinosinusitis and Nasal Polyps 2020 (1356.0) | European Position Paper on Rhinosinusitis and Nasal Polyps 2020 (1356.0) | Advancing the global public health agenda for NAFLD: a consensus statement (222.0),1.373333,32.290275
161,Ukraine,549,37582.0,34.70175438596491,European Position Paper on Rhinosinusitis and Nasal Polyps 2020 (1356.0) | European Position Paper on Rhinosinusitis and Nasal Polyps 2020 (1356.0) | Combined measurements of Higgs boson couplings in proton–proton collisions at √s=13Te (379.0),48.379433,31.16558
162,United Arab Emirates,60,5606.0,82.44117647058823,European Position Paper on Rhinosinusitis and Nasal Polyps 2020 (1356.0) | Guidelines for the use and interpretation of assays for monitoring autophagy (4th edition)1 (1030.0) | Guidelines for the use and interpretation of assays for monitoring autophagy (4th edition)1 (1030.0),23.424076,53.847818
163,United Kingdom,1698,267622.0,50.40911659446223,European Position Paper on Rhinosinusitis and Nasal Polyps 2020 (1356.0) | European Position Paper on Rhinosinusitis and Nasal Polyps 2020 (1356.0) | European Position Paper on Rhinosinusitis and Nasal Polyps 2020 (1356.0),55.378051,-3.435973
164,United States,3601,1436252.0,42.702384491883215,European Position Paper on Rhinosinusitis and Nasal Polyps 2020 (1356.0) | European Position Paper on Rhinosinusitis and Nasal Polyps 2020 (1356.0) | European Position Paper on Rhinosinusitis and Nasal Polyps 2020 (1356.0),37.09024,-95.712891
165,Uruguay,16,1494.0,78.63157894736842,Guidelines for the use and interpretation of assays for monitoring autophagy (4th edition)1 (1030.0) | Global Retinoblastoma Presentation and Analysis by National Income Level (146.0) | Status of care for end stage kidney disease in countries and regions worldwide: International cross sectional survey (108.0),-32.522779,-55.765835
166,Uzbekistan,122,2407.0,19.56910569105691,Advancing the global public health agenda for NAFLD: a consensus statement (222.0) | Global Retinoblastoma Presentation and Analysis by National Income Level (146.0) | Evidence for Higgs boson decay to a pair of muons (88.0),41.377491,64.585262
167,Venezuela,6,476.0,68.0,Practical management of acne for clinicians: An international consensus from the Global Alliance to Improve Outcomes in Acne (185.0) | Global Retinoblastoma Presentation and Analysis by National Income Level (146.0) | A multinational Delphi consensus to end the COVID-19 public health threat (53.0),6.42375,-66.58973
168,Viet Nam,511,10121.0,12.342682926829267,European Position Paper on Rhinosinusitis and Nasal Polyps 2020 (1356.0) | Tuning of metal oxides photocatalytic performance using Ag nanoparticles integration (308.0) | The impact of COVID-19 pandemic on physical and mental health of Asians: A study of seven middle-income countries in Asia (266.0),14.058324,108.277199
169,Yemen,8,303.0,33.666666666666664,Global Retinoblastoma Presentation and Analysis by National Income Level (146.0) | Production of geopolymer concrete by utilizing volcanic pumice dust (81.0) | The global case fatality rate of coronavirus disease 2019 by continents and national income: A meta-analysis (27.0),15.552727,48.516388
170,Zambia,8,808.0,73.45454545454545,Health equity and COVID-19: Global perspectives (367.0) | Global Retinoblastoma Presentation and Analysis by National Income Level (146.0) | Global Retinoblastoma Presentation and Analysis by National Income Level (146.0),-13.133897,27.849332
171,Zimbabwe,12,301.0,25.083333333333332,"Global Retinoblastoma Presentation and Analysis by National Income Level (146.0) | Epidemiology of anal human papillomavirus infection and high-grade squamous intraepithelial lesions in 29 900 men according to HIV status, sexuality, and age: a collaborative pooled analysis of 64 studies (56.0) | Dolutegravir as First- or Second-Line Treatment for HIV-1 Infection in Children (41.0)",-19.015438,29.154857
